License Number,Organization Name,Entity Type,License Type,Line of Authority,Status,Issue Date,Expiration Date,City,County,State,Zip,NPN
NJ-AG-10001,CHERRY HILL RESEARCH AGENCY LLC,Organization,Producer Organization,Property and Casualty,Active,2018-01-15,2028-01-15,CHERRY HILL,CAMDEN,NJ,08002,90010001
NJ-AG-10001,CHERRY HILL RESEARCH AGENCY LLC,Organization,Producer Organization,Life,Active,2018-01-15,2028-01-15,CHERRY HILL,CAMDEN,NJ,08002,90010001
NJ-AG-10002,PRINCETON FAMILY INSURANCE CORP,Business,Agency,Health,Active,2016-06-01,2027-06-01,PRINCETON,MERCER,NJ,08540,90010002
NJ-AG-10003,HOBOKEN BENEFITS GROUP INC,Organization,Agency,Life,Active,2019-03-01,2028-03-01,HOBOKEN,HUDSON,NJ,07030,90010003
NJ-AG-10004,NEWARK TITLE SERVICES LLC,Organization,Title Agency,Title,Active,2017-09-09,2028-09-09,NEWARK,ESSEX,NJ,07102,90010004
NJ-AG-10005,TOMS RIVER SHORE AGENCY INC,Organization,Agency,Personal Lines,Active,2015-02-02,2027-02-02,TOMS RIVER,OCEAN,NJ,08753,90010005
NJ-AG-10006,OUT OF REGION NJ CORP,Organization,Agency,Life,Active,2017-01-01,2028-01-01,SOMEWHERE,,NJ,99999,90010006
NJ-AG-10007,INDIVIDUAL PRODUCER SAMPLE,Individual,Producer,Life,Active,2017-01-01,2028-01-01,NEWARK,ESSEX,NJ,07102,90010007
NY-AG-1,OUT OF STATE AGENCY INC,Organization,Agency,Life,Active,2010-01-01,2028-01-01,NEW YORK,NEW YORK,NY,10001,80000001
