GROUP NAME,GROUP CODE,COMPANY CODE,FEIN NUMBER,COMPANY STATUS,STATE OF DOMICILE,COMPANY NAME
CVS GRP,1,95114,65-0986441,1,FL,AETNA HLTH INC (A FL CORP)
ALLSTATE INS CO GRP,8,19232,36-0718586,1,IL,ALLSTATE INS CO
ALLSTATE INS CO GRP,8,19240,36-3204123,1,IL,ALLSTATE INDEMNITY CO
STATE FARM GRP,176,25178,37-0533100,1,IL,STATE FARM MUT AUTO INS CO
MASSMUTUAL FINL GRP,435,65935,04-1590850,1,MA,MASSACHUSETTS MUT LIFE INS CO
HUMANA INC,119,73288,39-1263595,1,WI,HUMANA INS CO
AMERICAN INTL GRP INC,12,60488,25-0598210,1,TX,AMERICAN GENERAL LIFE INS CO
FIDELITY NATL GRP,670,50598,74-0476580,1,TX,ALAMO TITLE INS
1ST AUTO GRP,490,44725,39-1707938,6,WI,1ST AUTO & CAS INS CO
