License ,Name,Address,City,State,Zip,Phone,Email,Original Issue Date ,Expiration Date 
Firm License Type : External Review Organization,,,,,,,,,
20087,Advanced Medical Reviews,3780 Kilroy Airport Way,Long Beach,Ca,90806,301-547-3683,cindy.liu@examworks.com,02/07/2006,04/03/2027
Firm License Type : Independent Adjuster,,,,,,,,,
672672,Cell Adjustments Llc,100 Main St,Las Vegas,Nv,89101,844-440-4222,steve.thompson@cellbrokerage.com,01/01/2018,08/31/2029
Firm License Type : Resident Producer Firm,,,,,,,,,
3264218,1 Stop Insurance & Multiservices,123 Sahara Ave,Las Vegas,Nv,89102,702-635-4354,info@onestoplv.com,03/01/2016,03/01/2028
3264218,1 Stop Insurance & Multiservices,123 Sahara Ave,Las Vegas,Nv,89102,702-635-4354,info@onestoplv.com,03/01/2016,03/01/2028
4100001,Henderson Valley Insurance Llc,50 Water St,Henderson,Nv,89012,702-555-0101,hello@hvi.example,06/15/2015,06/15/2028
4100002,Reno Family Insurance Inc,200 Virginia St,Reno,Nv,89501,775-555-0202,office@reno-family.example,01/10/2017,01/10/2028
4100003,Carson Capital Agency Llc,101 E King St,Carson City,Nv,89701,775-555-0303,info@cca.example,09/09/2019,09/09/2028
4100004,Pahrump Desert Agency Llc,1 Basin Rd,Pahrump,Nv,89048,775-555-0404,pahrump@example.com,02/02/2018,02/02/2028
4100005,Expired Vegas Agency Llc,9 Fremont St,Las Vegas,Nv,89101,702-555-0505,old@example.com,01/01/2010,01/01/2020
Firm License Type : Non-Resident Producer Firm,,,,,,,,,
3897461,Alex Anneker Ins And Fin Svcs Inc,10 Greenway,Henderson,Nv,89074,510-658-2722,alex@anneker.com,05/01/2023,05/01/2028
14983001,California HQ Broker Inc,1 Market St,San Francisco,Ca,94105,415-555-0909,ca@broker.example,01/01/2014,01/01/2028
Qualification : Casualty,,,,,,,,,
14983001,California HQ Broker Inc,1 Market St,San Francisco,Ca,94105,415-555-0909,ca@broker.example,01/01/2028,01/01/2014
Firm License Type : Resident Title Agency,,,,,,,,,
4084654,3ofakind Title Services Llc,88 Desert Inn Rd,Las Vegas,Nv,89109,,,04/04/2024,04/04/2028
