,"COMMONWEALTH OF MASSACHUSETTS

DIVISION OF INSURANCE
Company LICENSING",,,,,,,
,,,,,,,,
,Licensed Or Approved Companies with Pharmacy Managers,,,,,,,
,"August 3, 2026",,,,,,,
,,,,,,,,
,Company Type,NAIC #,Company,Address,City,State,Zip,Phone
,Accredited Reinsurer,16835,Accredited Specialty Insurance Company,PO BOX 140855,ORLANDO,FL,32814,(856)216-0220
,Life Insurance Company,60054,Example Life Insurance Company,1 Federal Street,BOSTON,MA,02110,(617)555-0100
,Health Maintenance Organization,95234,Example HMO of Massachusetts,100 Summer Street,BOSTON,MA,02110,(617)555-0199
